# name	mode	expected_codes	forbidden_codes	imports
rx_name_resolution	error	E4014,E4022	-	-
rx_surface_literal_errors	error	-	-	-
rx_bad_bounds	error	E4172	-	-
rx_bad_quantifier_forms	error	E4172	-	-
rx_stray_metacharacters	error	E4172	-	-
rx_descending_range	error	E4172	-	-
rx_set_endpoint_range	error	E4172	-	-
rx_bare_posix	error	E4172	-	-
rx_unknown_posix	error	E4172	-	-
rx_unclosed_posix	error	E4172	-	-
rx_non_greedy_longest	error	E4172	-	lexbuf
rx_direct_named_and_binding_errors	error	E4081,E4181,E4210	-	-
rx_named_group_lexmatch	error	E4181	-	-
rx_named_group_lexscan	error	E4181	-	lexbuf
rx_bad_hex_escape	error	E4172	-	-
rx_bad_fixed_unicode_escape	error	E4172	-	-
rx_bad_braced_unicode_escape	error	E4172	-	-
rx_bad_ordinary_escape	error	E4172	-	-
rx_escape_variants	error	E4172	-	-
rx_bad_capture_names	error	E4172	-	-
rx_nul_and_class_surrogate	error	E4172	-	-
rx_unicode_above_max	error	E4172	-	-
rx_bad_control_escape	error	E4172	-	-
rx_nul_followed_by_digit	error	E4172	-	-
rx_duplicate_named_capture	error	E4172	-	-
rx_bad_group_modifier	error	E4172	-	-
rx_class_set_expression	error	E4172	-	-
rx_unclosed_group	error	E4172	-	-
rx_unclosed_class	error	E4172	-	-
rx_lookahead	error	E4172	-	-
rx_negative_lookahead	error	E4172	-	-
rx_lookbehind	error	E4172	-	-
rx_backreference	error	E4172	-	-
rx_word_boundary	error	E4172	-	-
rx_hidden_capture_scope	error	E4021	-	lexbuf
rx_alias_grammar_errors	error	-	-	-
rx_quantified_start_anchor	error	E4172	-	-
rx_quantified_start_star	error	E4172	-	-
rx_quantified_start_optional	error	E4172	-	-
rx_quantified_start_bounded	error	E4172	-	-
rx_quantified_end_anchor	error	E4172	-	-
rx_quantified_end_plus	error	E4172	-	-
rx_quantified_end_star	error	E4172	-	-
rx_quantified_end_bounded	error	E4172	-	-
rx_isolated_surrogate	error	E4172	-	-
rx_surrogate_pair_escape	error	E4172	-	-
rx_interpolation_not_escape	error	-	-	-
rx_interpolation_attempt	error	-	-	-
rx_leading_hyphen	error	E4172	-	-
rx_trailing_hyphen	error	E4172	-	-
rx_deprecated_shorthand	warning	E0027	-	-
rx_empty_language_warning	warning	E0090	-	-
rm_target_and_bindings	error	E4014,E4081,E4208,E4209	-	-
rm_target_kinds	error	E4014	-	lexbuf
rm_invalid_binding_scope	error	E4021	-	-
lm_target_strategy_and_bindings	error	E4180,E4218,E4220,E4222	-	-
lm_target_kinds	error	E4222	-	lexbuf
lm_binding_errors	error	E4081,E4208,E4209	-	-
lm_partial_anchored_alternation	error	E4218	-	-
lm_nullable_anchored_repetition	error	E4218	-	-
lm_result_type_mismatch	error	E4014	-	-
lm_longest_equal_tie_warning	warning	E0090	-	-
lm_non_final_wildcard	error	E4171	-	-
lm_non_final_binder	error	E4171	-	-
lm_missing_catchall	error	E4224	-	-
lm_reachability_warning	warning	E0090	-	-
lm_longest_shorter_unused	warning	E0090	-	-
lm_first_strict_prefix_unused	warning	E0090	-	-
lm_unreachable_body	error	E4021,E0090	-	-
lm_empty_case_list	error	E4224	-	-
lm_placeholder_success	success	-	-	-
lm_non_final_placeholder	error	E4171	-	-
lm_case_guard_parse_error	error	-	-	-
lm_legacy_string_piece	error	-	-	-
lm_legacy_boolean_form	error	-	-	-
lm_missing_boundary_warnings	warning	E0080,E0081	-	-
lm_boundary_warning_suppression	success	-	E0080,E0081	-
lm_all_boundary_suppressions	success	-	E0080,E0081	-
ls_string_target	error	E4222	-	lexbuf
ls_string_view_target	error	E4222	-	lexbuf
ls_bytes_target	error	E4222	-	lexbuf
ls_bytes_view_target	error	E4222	-	lexbuf
ls_integer_target	error	E4222	-	lexbuf
ls_duck_target	error	E4222	-	lexbuf
ls_unanchored_first	error	E4218	-	lexbuf
ls_unanchored_longest	error	E4218	-	lexbuf
ls_bad_strategy	error	E4180	-	lexbuf
ls_binding_lexbuf_first	error	E4220	-	lexbuf
ls_binding_lexbuf_longest	error	E4220	-	lexbuf
ls_binding_string_scanner_first	error	E4220	-	lexbuf
ls_binding_string_scanner_longest	error	E4220	-	lexbuf
ls_binding_async_first	error	E4220	-	lexbuf
ls_binding_async_longest	error	E4220	-	lexbuf
ls_binding_label_errors	error	E4208,E4209	-	lexbuf
ls_async_in_sync_context	error	-	-	lexbuf
ls_binder_catchall_lexbuf	error	E4216	-	lexbuf
ls_binder_catchall_string_scanner	error	E4216	-	lexbuf
ls_binder_catchall_async	error	E4216	-	lexbuf
ls_placeholder_success	success	-	-	lexbuf
ls_non_final_placeholder	error	E4171	-	lexbuf
ls_non_final_catchalls	error	E4171,E4216	-	lexbuf
ls_missing_catchall	error	E4224	-	lexbuf
ls_first_shorter_shadow_warning	warning	E0090	-	lexbuf
ls_longest_equal_tie_warning	warning	E0090	-	lexbuf
ls_reachability_warning	warning	E0090	-	lexbuf
ls_unreachable_bodies	error	E4021,E0090	-	lexbuf
ls_case_errors	error	E4014	-	lexbuf
ls_exhaustiveness_edges	error	E4224	-	lexbuf
ls_indirect_lexbuf	error	E4037	-	special
